id,screen,component,field,editable,source_now,mutation_handler,write_endpoint,db_model_field,read_endpoint,public_consumers,publication_rule,cache_layer,status_before,status_after,test_id,evidence
L01,admin settings,SettingsScreen,brand.identity,false/true,settings API; neutral registry defaults,PUT/DELETE button,/api/v1/settings/brand.identity,Setting.key/value/version,/api/v1/settings/public and /api/v1/settings/brand.identity,PageShell; metadata; BrandLogo; footer; contact,setting row is current; public DTO allowlist; no fixture fallback,none; browser no-store,fixture/local store,API/DB path implemented,T01-T05,local-smoke
L02,admin settings,SettingsScreen,brand.contact,false/true,settings API,PUT/DELETE button,/api/v1/settings/brand.contact,Setting.key/value/version,/api/v1/settings/public,header/footer/contact/CTA when fields exist,null hides field; no static replacement,none; server fetch no-store,static previewLabels,API/DB path implemented,T02-T03,local-smoke
L03,admin settings,SettingsScreen,booking.rules,false/true,settings API,PUT/DELETE button,/api/v1/settings/booking.rules,Setting.key/value/version,/api/v1/settings/public,public checkout reads selected stay; backend remains authority,operational defaults only; business values are DB owned,none,registry/default merge,DB path implemented,T03,settings service
L04,admin CMS,AdminContentList,title/description/slug/body/SEO/media/status,yes,content API + TipTap RichTextEditor,create/edit/duplicate/publish/archive/draft/delete,/api/v1/content + /api/v1/content/:id + /api/v1/content/:id/status + /api/v1/media/upload,ContentNode + ContentRevision + ContentMedia/version,/api/v1/public/stays/:slug or public catalog,listing/detail/SEO,only published and publishAt<=now,Next/client fetch no-store,fixture editor data,real CMS editor and content workflow implemented,T06-T07/T13,local-smoke
L05,admin catalog,PropertyCatalogScreen,property content and cover,yes,properties API plus media upload,Create form + Publish button,/api/v1/properties + /api/v1/media/upload + /api/v1/content/:id/status,ContentNode + Property + MediaAsset/ContentMedia,public/stays and public/stays/:slug,active property and published node,Next/client fetch no-store,fixture listing,create/read/publish path implemented; edit/delete remain,T06-T07,local-smoke
L06,admin catalog,PropertyCatalogScreen,room/rate/units,yes,properties API,Create form,/api/v1/properties,RoomType + RatePlan + RoomUnit,public stay rooms and rates,active room type + active rate plan,Next/client fetch no-store,fixture/admin store,create/read path implemented; inventory/rate rules remain,T08-T11,local-smoke
L07,public catalog,PublicCatalogService,stays and rooms,no,Prisma reader,none,none,Property/ContentNode/RoomType/Unit/RatePlan,/api/v1/public/stays and /:slug,homepage/list/detail/checkout,active property + published content + active rate plan,server fetch no-store,fixture public path,implemented with empty state when DB empty,T06-T08,api-manifest
L08,public catalog,PublicCatalogService,combos and departures,no,Prisma reader,none,none,Combo/ComboDay/ComboDeparture,/api/v1/public/combos,combo listing/detail/booking context,approved/published node and active combo,server fetch no-store,fixture combo path,implemented reader; admin writer creates base combo/days/departure,T12,api-manifest
L09,public catalog,PublicCatalogService,destinations and related content,no,Prisma reader,none,none,Destination/ContentNode,/api/v1/public/destinations,destination listing/map/discovery,active destination with published content,server fetch no-store,fixture destination path,implemented reader; admin writer creates typed destination relation,T06/T14,api-manifest
L10,public catalog,PublicCatalogService,approved reviews,no,Prisma reader,none,none,Review.status/content relation,/api/v1/public/reviews,home/detail review widgets,approved only,server fetch no-store,fixture testimonials,implemented reader with empty state,T07/T23,api-manifest
L11,public inquiry,ConsultationForm,customer phone/email/message,yes,HTTP inquiry API,submit,/api/v1/inquiries,Customer and Inquiry plus audit,/api/v1/inquiries admin,CRM inbox,transaction creates/updates customer and inquiry,client no business cache,preview adapter,implemented,T16,T17,local-smoke
L12,booking checkout,Checkout,stay/room/dates/guest message,yes,HTTP inquiry API,submit,/api/v1/inquiries,Inquiry.related content/customer; no Booking,not a public booking reader,CRM only; no success/hold/payment claim,transactional inquiry only,none,baseline preview,implemented as inquiry not booking,T16,remaining-blockers
L13,admin CRM,InquiryInbox,stage,yes,admin API,stage select,/api/v1/inquiries/:id,Inquiry.stage + InquiryStageHistory,/api/v1/inquiries,CRM inbox,authenticated crmWrite; version conflict,client fetch no-store,AdminStore fixture,implemented,T17,api-manifest
L14,admin settings,SettingsScreen,audit history,no,backend transaction,implicit audit,inside settings transaction,AuditLog,not public,admin audit not exposed in this patch,transaction same DB write,split write before,implemented server-side,T04-T05,settings service
L15,public media,PublicCatalogService,cover/gallery path,no,media relation reader,none,none,Media and relation,asset path /media/:id,logo/cover/gallery,only related published/active records; URL path not blob URL,proxy/static media,fixture image paths,partial reader; upload/reorder writer blocker,T07/T15,remaining-blockers
L16,admin dashboard,legacy admin screens,KPI/date range,yes,legacy fixture components,legacy local handlers,none,none,none,none,not applicable until DB report endpoints exist,none,fixture numbers,not implemented core,T20,remaining-blockers
